<asteroids.MessaggioDiLog>
  <nomeApplicazione>Asteroids</nomeApplicazione>
  <indirizzoIpClient>localhost</indirizzoIpClient>
  <timestamp>2019-02-24 20:10:22.048</timestamp>
  <evento>AVVIO</evento>
</asteroids.MessaggioDiLog>
<asteroids.MessaggioDiLog>
  <nomeApplicazione>Asteroids</nomeApplicazione>
  <indirizzoIpClient>localhost</indirizzoIpClient>
  <timestamp>2019-02-24 20:10:36.526</timestamp>
  <evento>START</evento>
</asteroids.MessaggioDiLog>
<asteroids.MessaggioDiLog>
  <nomeApplicazione>Asteroids</nomeApplicazione>
  <indirizzoIpClient>localhost</indirizzoIpClient>
  <timestamp>2019-02-24 20:10:37.595</timestamp>
  <evento>START</evento>
</asteroids.MessaggioDiLog>
<asteroids.MessaggioDiLog>
  <nomeApplicazione>Asteroids</nomeApplicazione>
  <indirizzoIpClient>localhost</indirizzoIpClient>
  <timestamp>2019-02-24 20:10:37.693</timestamp>
  <evento>LEFT</evento>
</asteroids.MessaggioDiLog>
<asteroids.MessaggioDiLog>
  <nomeApplicazione>Asteroids</nomeApplicazione>
  <indirizzoIpClient>localhost</indirizzoIpClient>
  <timestamp>2019-02-24 20:10:37.71</timestamp>
  <evento>UP</evento>
</asteroids.MessaggioDiLog>
<asteroids.MessaggioDiLog>
  <nomeApplicazione>Asteroids</nomeApplicazione>
  <indirizzoIpClient>localhost</indirizzoIpClient>
  <timestamp>2019-02-24 20:10:37.868</timestamp>
  <evento>SPACE</evento>
</asteroids.MessaggioDiLog>
<asteroids.MessaggioDiLog>
  <nomeApplicazione>Asteroids</nomeApplicazione>
  <indirizzoIpClient>localhost</indirizzoIpClient>
  <timestamp>2019-02-24 20:10:38.052</timestamp>
  <evento>SPACE</evento>
</asteroids.MessaggioDiLog>
<asteroids.MessaggioDiLog>
  <nomeApplicazione>Asteroids</nomeApplicazione>
  <indirizzoIpClient>localhost</indirizzoIpClient>
  <timestamp>2019-02-24 20:10:38.134</timestamp>
  <evento>LEFT</evento>
</asteroids.MessaggioDiLog>
<asteroids.MessaggioDiLog>
  <nomeApplicazione>Asteroids</nomeApplicazione>
  <indirizzoIpClient>localhost</indirizzoIpClient>
  <timestamp>2019-02-24 20:10:38.251</timestamp>
  <evento>SPACE</evento>
</asteroids.MessaggioDiLog>
<asteroids.MessaggioDiLog>
  <nomeApplicazione>Asteroids</nomeApplicazione>
  <indirizzoIpClient>localhost</indirizzoIpClient>
  <timestamp>2019-02-24 20:10:38.418</timestamp>
  <evento>SPACE</evento>
</asteroids.MessaggioDiLog>
<asteroids.MessaggioDiLog>
  <nomeApplicazione>Asteroids</nomeApplicazione>
  <indirizzoIpClient>localhost</indirizzoIpClient>
  <timestamp>2019-02-24 20:10:38.546</timestamp>
  <evento>SPACE</evento>
</asteroids.MessaggioDiLog>
<asteroids.MessaggioDiLog>
  <nomeApplicazione>Asteroids</nomeApplicazione>
  <indirizzoIpClient>localhost</indirizzoIpClient>
  <timestamp>2019-02-24 20:10:38.684</timestamp>
  <evento>SPACE</evento>
</asteroids.MessaggioDiLog>
<asteroids.MessaggioDiLog>
  <nomeApplicazione>Asteroids</nomeApplicazione>
  <indirizzoIpClient>localhost</indirizzoIpClient>
  <timestamp>2019-02-24 20:10:38.834</timestamp>
  <evento>SPACE</evento>
</asteroids.MessaggioDiLog>
<asteroids.MessaggioDiLog>
  <nomeApplicazione>Asteroids</nomeApplicazione>
  <indirizzoIpClient>localhost</indirizzoIpClient>
  <timestamp>2019-02-24 20:10:38.984</timestamp>
  <evento>SPACE</evento>
</asteroids.MessaggioDiLog>
<asteroids.MessaggioDiLog>
  <nomeApplicazione>Asteroids</nomeApplicazione>
  <indirizzoIpClient>localhost</indirizzoIpClient>
  <timestamp>2019-02-24 20:10:39.001</timestamp>
  <evento>RIGHT</evento>
</asteroids.MessaggioDiLog>
<asteroids.MessaggioDiLog>
  <nomeApplicazione>Asteroids</nomeApplicazione>
  <indirizzoIpClient>localhost</indirizzoIpClient>
  <timestamp>2019-02-24 20:10:39.151</timestamp>
  <evento>SPACE</evento>
</asteroids.MessaggioDiLog>
<asteroids.MessaggioDiLog>
  <nomeApplicazione>Asteroids</nomeApplicazione>
  <indirizzoIpClient>localhost</indirizzoIpClient>
  <timestamp>2019-02-24 20:10:39.305</timestamp>
  <evento>SPACE</evento>
</asteroids.MessaggioDiLog>
<asteroids.MessaggioDiLog>
  <nomeApplicazione>Asteroids</nomeApplicazione>
  <indirizzoIpClient>localhost</indirizzoIpClient>
  <timestamp>2019-02-24 20:10:39.468</timestamp>
  <evento>SPACE</evento>
</asteroids.MessaggioDiLog>
<asteroids.MessaggioDiLog>
  <nomeApplicazione>Asteroids</nomeApplicazione>
  <indirizzoIpClient>localhost</indirizzoIpClient>
  <timestamp>2019-02-24 20:10:39.485</timestamp>
  <evento>RIGHT</evento>
</asteroids.MessaggioDiLog>
<asteroids.MessaggioDiLog>
  <nomeApplicazione>Asteroids</nomeApplicazione>
  <indirizzoIpClient>localhost</indirizzoIpClient>
  <timestamp>2019-02-24 20:10:42.452</timestamp>
  <evento>UP</evento>
</asteroids.MessaggioDiLog>
<asteroids.MessaggioDiLog>
  <nomeApplicazione>Asteroids</nomeApplicazione>
  <indirizzoIpClient>localhost</indirizzoIpClient>
  <timestamp>2019-02-24 20:10:42.607</timestamp>
  <evento>LEFT</evento>
</asteroids.MessaggioDiLog>
<asteroids.MessaggioDiLog>
  <nomeApplicazione>Asteroids</nomeApplicazione>
  <indirizzoIpClient>localhost</indirizzoIpClient>
  <timestamp>2019-02-24 20:10:42.703</timestamp>
  <evento>RIGHT</evento>
</asteroids.MessaggioDiLog>
<asteroids.MessaggioDiLog>
  <nomeApplicazione>Asteroids</nomeApplicazione>
  <indirizzoIpClient>localhost</indirizzoIpClient>
  <timestamp>2019-02-24 20:10:43.219</timestamp>
  <evento>RIGHT</evento>
</asteroids.MessaggioDiLog>
<asteroids.MessaggioDiLog>
  <nomeApplicazione>Asteroids</nomeApplicazione>
  <indirizzoIpClient>localhost</indirizzoIpClient>
  <timestamp>2019-02-24 20:10:47.408</timestamp>
  <evento>TERMINE</evento>
</asteroids.MessaggioDiLog>
<asteroids.MessaggioDiLog>
  <nomeApplicazione>Asteroids</nomeApplicazione>
  <indirizzoIpClient>localhost</indirizzoIpClient>
  <timestamp>2019-02-24 21:20:09.166</timestamp>
  <evento>AVVIO</evento>
</asteroids.MessaggioDiLog>
<asteroids.MessaggioDiLog>
  <nomeApplicazione>Asteroids</nomeApplicazione>
  <indirizzoIpClient>localhost</indirizzoIpClient>
  <timestamp>2019-02-24 21:20:15.455</timestamp>
  <evento>START</evento>
</asteroids.MessaggioDiLog>
<asteroids.MessaggioDiLog>
  <nomeApplicazione>Asteroids</nomeApplicazione>
  <indirizzoIpClient>localhost</indirizzoIpClient>
  <timestamp>2019-02-24 21:20:16.459</timestamp>
  <evento>SPACE</evento>
</asteroids.MessaggioDiLog>
<asteroids.MessaggioDiLog>
  <nomeApplicazione>Asteroids</nomeApplicazione>
  <indirizzoIpClient>localhost</indirizzoIpClient>
  <timestamp>2019-02-24 21:20:16.551</timestamp>
  <evento>UP</evento>
</asteroids.MessaggioDiLog>
<asteroids.MessaggioDiLog>
  <nomeApplicazione>Asteroids</nomeApplicazione>
  <indirizzoIpClient>localhost</indirizzoIpClient>
  <timestamp>2019-02-24 21:20:16.909</timestamp>
  <evento>SPACE</evento>
</asteroids.MessaggioDiLog>
<asteroids.MessaggioDiLog>
  <nomeApplicazione>Asteroids</nomeApplicazione>
  <indirizzoIpClient>localhost</indirizzoIpClient>
  <timestamp>2019-02-24 21:20:17.032</timestamp>
  <evento>RIGHT</evento>
</asteroids.MessaggioDiLog>
<asteroids.MessaggioDiLog>
  <nomeApplicazione>Asteroids</nomeApplicazione>
  <indirizzoIpClient>localhost</indirizzoIpClient>
  <timestamp>2019-02-24 21:20:17.11</timestamp>
  <evento>UP</evento>
</asteroids.MessaggioDiLog>
<asteroids.MessaggioDiLog>
  <nomeApplicazione>Asteroids</nomeApplicazione>
  <indirizzoIpClient>localhost</indirizzoIpClient>
  <timestamp>2019-02-24 21:20:17.193</timestamp>
  <evento>SPACE</evento>
</asteroids.MessaggioDiLog>
<asteroids.MessaggioDiLog>
  <nomeApplicazione>Asteroids</nomeApplicazione>
  <indirizzoIpClient>localhost</indirizzoIpClient>
  <timestamp>2019-02-24 21:20:17.349</timestamp>
  <evento>RIGHT</evento>
</asteroids.MessaggioDiLog>
<asteroids.MessaggioDiLog>
  <nomeApplicazione>Asteroids</nomeApplicazione>
  <indirizzoIpClient>localhost</indirizzoIpClient>
  <timestamp>2019-02-24 21:20:17.445</timestamp>
  <evento>UP</evento>
</asteroids.MessaggioDiLog>
<asteroids.MessaggioDiLog>
  <nomeApplicazione>Asteroids</nomeApplicazione>
  <indirizzoIpClient>localhost</indirizzoIpClient>
  <timestamp>2019-02-24 21:20:17.66</timestamp>
  <evento>RIGHT</evento>
</asteroids.MessaggioDiLog>
<asteroids.MessaggioDiLog>
  <nomeApplicazione>Asteroids</nomeApplicazione>
  <indirizzoIpClient>localhost</indirizzoIpClient>
  <timestamp>2019-02-24 21:20:19.433</timestamp>
  <evento>ENTER</evento>
</asteroids.MessaggioDiLog>
<asteroids.MessaggioDiLog>
  <nomeApplicazione>Asteroids</nomeApplicazione>
  <indirizzoIpClient>localhost</indirizzoIpClient>
  <timestamp>2019-02-24 21:20:21.246</timestamp>
  <evento>TERMINE</evento>
</asteroids.MessaggioDiLog>
<asteroids.MessaggioDiLog>
  <nomeApplicazione>Asteroids</nomeApplicazione>
  <indirizzoIpClient>localhost</indirizzoIpClient>
  <timestamp>2019-02-24 21:20:27.083</timestamp>
  <evento>AVVIO</evento>
</asteroids.MessaggioDiLog>
<asteroids.MessaggioDiLog>
  <nomeApplicazione>Asteroids</nomeApplicazione>
  <indirizzoIpClient>localhost</indirizzoIpClient>
  <timestamp>2019-02-24 21:20:31.707</timestamp>
  <evento>TERMINE</evento>
</asteroids.MessaggioDiLog>
<asteroids.MessaggioDiLog>
  <nomeApplicazione>Asteroids</nomeApplicazione>
  <indirizzoIpClient>localhost</indirizzoIpClient>
  <timestamp>2019-02-24 21:20:53.4</timestamp>
  <evento>AVVIO</evento>
</asteroids.MessaggioDiLog>
<asteroids.MessaggioDiLog>
  <nomeApplicazione>Asteroids</nomeApplicazione>
  <indirizzoIpClient>localhost</indirizzoIpClient>
  <timestamp>2019-02-24 21:21:00.815</timestamp>
  <evento>START</evento>
</asteroids.MessaggioDiLog>
<asteroids.MessaggioDiLog>
  <nomeApplicazione>Asteroids</nomeApplicazione>
  <indirizzoIpClient>localhost</indirizzoIpClient>
  <timestamp>2019-02-24 21:21:01.185</timestamp>
  <evento>UP</evento>
</asteroids.MessaggioDiLog>
<asteroids.MessaggioDiLog>
  <nomeApplicazione>Asteroids</nomeApplicazione>
  <indirizzoIpClient>localhost</indirizzoIpClient>
  <timestamp>2019-02-24 21:21:01.189</timestamp>
  <evento>RIGHT</evento>
</asteroids.MessaggioDiLog>
<asteroids.MessaggioDiLog>
  <nomeApplicazione>Asteroids</nomeApplicazione>
  <indirizzoIpClient>localhost</indirizzoIpClient>
  <timestamp>2019-02-24 21:21:01.619</timestamp>
  <evento>LEFT</evento>
</asteroids.MessaggioDiLog>
<asteroids.MessaggioDiLog>
  <nomeApplicazione>Asteroids</nomeApplicazione>
  <indirizzoIpClient>localhost</indirizzoIpClient>
  <timestamp>2019-02-24 21:21:01.719</timestamp>
  <evento>SPACE</evento>
</asteroids.MessaggioDiLog>
<asteroids.MessaggioDiLog>
  <nomeApplicazione>Asteroids</nomeApplicazione>
  <indirizzoIpClient>localhost</indirizzoIpClient>
  <timestamp>2019-02-24 21:21:01.956</timestamp>
  <evento>SPACE</evento>
</asteroids.MessaggioDiLog>
<asteroids.MessaggioDiLog>
  <nomeApplicazione>Asteroids</nomeApplicazione>
  <indirizzoIpClient>localhost</indirizzoIpClient>
  <timestamp>2019-02-24 21:21:02.202</timestamp>
  <evento>SPACE</evento>
</asteroids.MessaggioDiLog>
<asteroids.MessaggioDiLog>
  <nomeApplicazione>Asteroids</nomeApplicazione>
  <indirizzoIpClient>localhost</indirizzoIpClient>
  <timestamp>2019-02-24 21:21:04.209</timestamp>
  <evento>TERMINE</evento>
</asteroids.MessaggioDiLog>
<asteroids.MessaggioDiLog>
  <nomeApplicazione>Asteroids</nomeApplicazione>
  <indirizzoIpClient>localhost</indirizzoIpClient>
  <timestamp>2019-02-24 21:21:10.109</timestamp>
  <evento>AVVIO</evento>
</asteroids.MessaggioDiLog>
<asteroids.MessaggioDiLog>
  <nomeApplicazione>Asteroids</nomeApplicazione>
  <indirizzoIpClient>localhost</indirizzoIpClient>
  <timestamp>2019-02-24 21:21:20.411</timestamp>
  <evento>TERMINE</evento>
</asteroids.MessaggioDiLog>
<asteroids.MessaggioDiLog>
  <nomeApplicazione>Asteroids</nomeApplicazione>
  <indirizzoIpClient>localhost</indirizzoIpClient>
  <timestamp>2019-02-24 21:21:48.808</timestamp>
  <evento>AVVIO</evento>
</asteroids.MessaggioDiLog>
<asteroids.MessaggioDiLog>
  <nomeApplicazione>Asteroids</nomeApplicazione>
  <indirizzoIpClient>localhost</indirizzoIpClient>
  <timestamp>2019-02-24 21:21:54.157</timestamp>
  <evento>START</evento>
</asteroids.MessaggioDiLog>
<asteroids.MessaggioDiLog>
  <nomeApplicazione>Asteroids</nomeApplicazione>
  <indirizzoIpClient>localhost</indirizzoIpClient>
  <timestamp>2019-02-24 21:21:54.639</timestamp>
  <evento>UP</evento>
</asteroids.MessaggioDiLog>
<asteroids.MessaggioDiLog>
  <nomeApplicazione>Asteroids</nomeApplicazione>
  <indirizzoIpClient>localhost</indirizzoIpClient>
  <timestamp>2019-02-24 21:21:54.763</timestamp>
  <evento>LEFT</evento>
</asteroids.MessaggioDiLog>
<asteroids.MessaggioDiLog>
  <nomeApplicazione>Asteroids</nomeApplicazione>
  <indirizzoIpClient>localhost</indirizzoIpClient>
  <timestamp>2019-02-24 21:21:54.944</timestamp>
  <evento>SPACE</evento>
</asteroids.MessaggioDiLog>
<asteroids.MessaggioDiLog>
  <nomeApplicazione>Asteroids</nomeApplicazione>
  <indirizzoIpClient>localhost</indirizzoIpClient>
  <timestamp>2019-02-24 21:21:55.164</timestamp>
  <evento>LEFT</evento>
</asteroids.MessaggioDiLog>
<asteroids.MessaggioDiLog>
  <nomeApplicazione>Asteroids</nomeApplicazione>
  <indirizzoIpClient>localhost</indirizzoIpClient>
  <timestamp>2019-02-24 21:21:55.166</timestamp>
  <evento>SPACE</evento>
</asteroids.MessaggioDiLog>
<asteroids.MessaggioDiLog>
  <nomeApplicazione>Asteroids</nomeApplicazione>
  <indirizzoIpClient>localhost</indirizzoIpClient>
  <timestamp>2019-02-24 21:21:55.352</timestamp>
  <evento>SPACE</evento>
</asteroids.MessaggioDiLog>
<asteroids.MessaggioDiLog>
  <nomeApplicazione>Asteroids</nomeApplicazione>
  <indirizzoIpClient>localhost</indirizzoIpClient>
  <timestamp>2019-02-24 21:21:55.535</timestamp>
  <evento>SPACE</evento>
</asteroids.MessaggioDiLog>
<asteroids.MessaggioDiLog>
  <nomeApplicazione>Asteroids</nomeApplicazione>
  <indirizzoIpClient>localhost</indirizzoIpClient>
  <timestamp>2019-02-24 21:21:57.475</timestamp>
  <evento>TERMINE</evento>
</asteroids.MessaggioDiLog>
<asteroids.MessaggioDiLog>
  <nomeApplicazione>Asteroids</nomeApplicazione>
  <indirizzoIpClient>localhost</indirizzoIpClient>
  <timestamp>2019-02-24 21:22:03.314</timestamp>
  <evento>AVVIO</evento>
</asteroids.MessaggioDiLog>
<asteroids.MessaggioDiLog>
  <nomeApplicazione>Asteroids</nomeApplicazione>
  <indirizzoIpClient>localhost</indirizzoIpClient>
  <timestamp>2019-02-24 21:22:07.482</timestamp>
  <evento>TERMINE</evento>
</asteroids.MessaggioDiLog>
<asteroids.MessaggioDiLog>
  <nomeApplicazione>Asteroids</nomeApplicazione>
  <indirizzoIpClient>localhost</indirizzoIpClient>
  <timestamp>2019-02-24 21:22:44.08</timestamp>
  <evento>AVVIO</evento>
</asteroids.MessaggioDiLog>
<asteroids.MessaggioDiLog>
  <nomeApplicazione>Asteroids</nomeApplicazione>
  <indirizzoIpClient>localhost</indirizzoIpClient>
  <timestamp>2019-02-24 21:22:51.267</timestamp>
  <evento>START</evento>
</asteroids.MessaggioDiLog>
<asteroids.MessaggioDiLog>
  <nomeApplicazione>Asteroids</nomeApplicazione>
  <indirizzoIpClient>localhost</indirizzoIpClient>
  <timestamp>2019-02-24 21:22:51.765</timestamp>
  <evento>UP</evento>
</asteroids.MessaggioDiLog>
<asteroids.MessaggioDiLog>
  <nomeApplicazione>Asteroids</nomeApplicazione>
  <indirizzoIpClient>localhost</indirizzoIpClient>
  <timestamp>2019-02-24 21:22:51.893</timestamp>
  <evento>RIGHT</evento>
</asteroids.MessaggioDiLog>
<asteroids.MessaggioDiLog>
  <nomeApplicazione>Asteroids</nomeApplicazione>
  <indirizzoIpClient>localhost</indirizzoIpClient>
  <timestamp>2019-02-24 21:22:51.943</timestamp>
  <evento>SPACE</evento>
</asteroids.MessaggioDiLog>
<asteroids.MessaggioDiLog>
  <nomeApplicazione>Asteroids</nomeApplicazione>
  <indirizzoIpClient>localhost</indirizzoIpClient>
  <timestamp>2019-02-24 21:22:52.184</timestamp>
  <evento>SPACE</evento>
</asteroids.MessaggioDiLog>
<asteroids.MessaggioDiLog>
  <nomeApplicazione>Asteroids</nomeApplicazione>
  <indirizzoIpClient>localhost</indirizzoIpClient>
  <timestamp>2019-02-24 21:22:52.28</timestamp>
  <evento>RIGHT</evento>
</asteroids.MessaggioDiLog>
<asteroids.MessaggioDiLog>
  <nomeApplicazione>Asteroids</nomeApplicazione>
  <indirizzoIpClient>localhost</indirizzoIpClient>
  <timestamp>2019-02-24 21:22:52.393</timestamp>
  <evento>SPACE</evento>
</asteroids.MessaggioDiLog>
<asteroids.MessaggioDiLog>
  <nomeApplicazione>Asteroids</nomeApplicazione>
  <indirizzoIpClient>localhost</indirizzoIpClient>
  <timestamp>2019-02-24 21:22:52.502</timestamp>
  <evento>UP</evento>
</asteroids.MessaggioDiLog>
<asteroids.MessaggioDiLog>
  <nomeApplicazione>Asteroids</nomeApplicazione>
  <indirizzoIpClient>localhost</indirizzoIpClient>
  <timestamp>2019-02-24 21:22:52.58</timestamp>
  <evento>SPACE</evento>
</asteroids.MessaggioDiLog>
<asteroids.MessaggioDiLog>
  <nomeApplicazione>Asteroids</nomeApplicazione>
  <indirizzoIpClient>localhost</indirizzoIpClient>
  <timestamp>2019-02-24 21:22:52.81</timestamp>
  <evento>SPACE</evento>
</asteroids.MessaggioDiLog>
<asteroids.MessaggioDiLog>
  <nomeApplicazione>Asteroids</nomeApplicazione>
  <indirizzoIpClient>localhost</indirizzoIpClient>
  <timestamp>2019-02-24 21:22:54.709</timestamp>
  <evento>TERMINE</evento>
</asteroids.MessaggioDiLog>
<asteroids.MessaggioDiLog>
  <nomeApplicazione>Asteroids</nomeApplicazione>
  <indirizzoIpClient>localhost</indirizzoIpClient>
  <timestamp>2019-02-24 21:23:02.505</timestamp>
  <evento>AVVIO</evento>
</asteroids.MessaggioDiLog>
<asteroids.MessaggioDiLog>
  <nomeApplicazione>Asteroids</nomeApplicazione>
  <indirizzoIpClient>localhost</indirizzoIpClient>
  <timestamp>2019-02-24 21:23:08.819</timestamp>
  <evento>TERMINE</evento>
</asteroids.MessaggioDiLog>
<asteroids.MessaggioDiLog>
  <nomeApplicazione>Asteroids</nomeApplicazione>
  <indirizzoIpClient>localhost</indirizzoIpClient>
  <timestamp>2019-02-24 21:24:01.673</timestamp>
  <evento>AVVIO</evento>
</asteroids.MessaggioDiLog>
<asteroids.MessaggioDiLog>
  <nomeApplicazione>Asteroids</nomeApplicazione>
  <indirizzoIpClient>localhost</indirizzoIpClient>
  <timestamp>2019-02-24 21:24:07.27</timestamp>
  <evento>START</evento>
</asteroids.MessaggioDiLog>
<asteroids.MessaggioDiLog>
  <nomeApplicazione>Asteroids</nomeApplicazione>
  <indirizzoIpClient>localhost</indirizzoIpClient>
  <timestamp>2019-02-24 21:24:07.665</timestamp>
  <evento>UP</evento>
</asteroids.MessaggioDiLog>
<asteroids.MessaggioDiLog>
  <nomeApplicazione>Asteroids</nomeApplicazione>
  <indirizzoIpClient>localhost</indirizzoIpClient>
  <timestamp>2019-02-24 21:24:07.825</timestamp>
  <evento>RIGHT</evento>
</asteroids.MessaggioDiLog>
<asteroids.MessaggioDiLog>
  <nomeApplicazione>Asteroids</nomeApplicazione>
  <indirizzoIpClient>localhost</indirizzoIpClient>
  <timestamp>2019-02-24 21:24:07.864</timestamp>
  <evento>SPACE</evento>
</asteroids.MessaggioDiLog>
<asteroids.MessaggioDiLog>
  <nomeApplicazione>Asteroids</nomeApplicazione>
  <indirizzoIpClient>localhost</indirizzoIpClient>
  <timestamp>2019-02-24 21:24:07.892</timestamp>
  <evento>UP</evento>
</asteroids.MessaggioDiLog>
<asteroids.MessaggioDiLog>
  <nomeApplicazione>Asteroids</nomeApplicazione>
  <indirizzoIpClient>localhost</indirizzoIpClient>
  <timestamp>2019-02-24 21:24:08.092</timestamp>
  <evento>SPACE</evento>
</asteroids.MessaggioDiLog>
<asteroids.MessaggioDiLog>
  <nomeApplicazione>Asteroids</nomeApplicazione>
  <indirizzoIpClient>localhost</indirizzoIpClient>
  <timestamp>2019-02-24 21:24:08.279</timestamp>
  <evento>SPACE</evento>
</asteroids.MessaggioDiLog>
<asteroids.MessaggioDiLog>
  <nomeApplicazione>Asteroids</nomeApplicazione>
  <indirizzoIpClient>localhost</indirizzoIpClient>
  <timestamp>2019-02-24 21:24:08.575</timestamp>
  <evento>RIGHT</evento>
</asteroids.MessaggioDiLog>
<asteroids.MessaggioDiLog>
  <nomeApplicazione>Asteroids</nomeApplicazione>
  <indirizzoIpClient>localhost</indirizzoIpClient>
  <timestamp>2019-02-24 21:24:08.609</timestamp>
  <evento>UP</evento>
</asteroids.MessaggioDiLog>
<asteroids.MessaggioDiLog>
  <nomeApplicazione>Asteroids</nomeApplicazione>
  <indirizzoIpClient>localhost</indirizzoIpClient>
  <timestamp>2019-02-24 21:24:10.526</timestamp>
  <evento>TERMINE</evento>
</asteroids.MessaggioDiLog>
<asteroids.MessaggioDiLog>
  <nomeApplicazione>Asteroids</nomeApplicazione>
  <indirizzoIpClient>localhost</indirizzoIpClient>
  <timestamp>2019-02-24 21:24:17.932</timestamp>
  <evento>AVVIO</evento>
</asteroids.MessaggioDiLog>
<asteroids.MessaggioDiLog>
  <nomeApplicazione>Asteroids</nomeApplicazione>
  <indirizzoIpClient>localhost</indirizzoIpClient>
  <timestamp>2019-02-24 21:24:21.759</timestamp>
  <evento>TERMINE</evento>
</asteroids.MessaggioDiLog>
<asteroids.MessaggioDiLog>
  <nomeApplicazione>Asteroids</nomeApplicazione>
  <indirizzoIpClient>localhost</indirizzoIpClient>
  <timestamp>2019-02-24 21:24:42.821</timestamp>
  <evento>AVVIO</evento>
</asteroids.MessaggioDiLog>
<asteroids.MessaggioDiLog>
  <nomeApplicazione>Asteroids</nomeApplicazione>
  <indirizzoIpClient>localhost</indirizzoIpClient>
  <timestamp>2019-02-24 21:24:48.321</timestamp>
  <evento>START</evento>
</asteroids.MessaggioDiLog>
<asteroids.MessaggioDiLog>
  <nomeApplicazione>Asteroids</nomeApplicazione>
  <indirizzoIpClient>localhost</indirizzoIpClient>
  <timestamp>2019-02-24 21:24:48.728</timestamp>
  <evento>LEFT</evento>
</asteroids.MessaggioDiLog>
<asteroids.MessaggioDiLog>
  <nomeApplicazione>Asteroids</nomeApplicazione>
  <indirizzoIpClient>localhost</indirizzoIpClient>
  <timestamp>2019-02-24 21:24:48.737</timestamp>
  <evento>UP</evento>
</asteroids.MessaggioDiLog>
<asteroids.MessaggioDiLog>
  <nomeApplicazione>Asteroids</nomeApplicazione>
  <indirizzoIpClient>localhost</indirizzoIpClient>
  <timestamp>2019-02-24 21:24:48.81</timestamp>
  <evento>SPACE</evento>
</asteroids.MessaggioDiLog>
<asteroids.MessaggioDiLog>
  <nomeApplicazione>Asteroids</nomeApplicazione>
  <indirizzoIpClient>localhost</indirizzoIpClient>
  <timestamp>2019-02-24 21:24:49.017</timestamp>
  <evento>SPACE</evento>
</asteroids.MessaggioDiLog>
<asteroids.MessaggioDiLog>
  <nomeApplicazione>Asteroids</nomeApplicazione>
  <indirizzoIpClient>localhost</indirizzoIpClient>
  <timestamp>2019-02-24 21:24:49.184</timestamp>
  <evento>SPACE</evento>
</asteroids.MessaggioDiLog>
<asteroids.MessaggioDiLog>
  <nomeApplicazione>Asteroids</nomeApplicazione>
  <indirizzoIpClient>localhost</indirizzoIpClient>
  <timestamp>2019-02-24 21:24:49.288</timestamp>
  <evento>RIGHT</evento>
</asteroids.MessaggioDiLog>
<asteroids.MessaggioDiLog>
  <nomeApplicazione>Asteroids</nomeApplicazione>
  <indirizzoIpClient>localhost</indirizzoIpClient>
  <timestamp>2019-02-24 21:24:49.368</timestamp>
  <evento>UP</evento>
</asteroids.MessaggioDiLog>
<asteroids.MessaggioDiLog>
  <nomeApplicazione>Asteroids</nomeApplicazione>
  <indirizzoIpClient>localhost</indirizzoIpClient>
  <timestamp>2019-02-24 21:24:49.37</timestamp>
  <evento>SPACE</evento>
</asteroids.MessaggioDiLog>
<asteroids.MessaggioDiLog>
  <nomeApplicazione>Asteroids</nomeApplicazione>
  <indirizzoIpClient>localhost</indirizzoIpClient>
  <timestamp>2019-02-24 21:24:49.574</timestamp>
  <evento>SPACE</evento>
</asteroids.MessaggioDiLog>
<asteroids.MessaggioDiLog>
  <nomeApplicazione>Asteroids</nomeApplicazione>
  <indirizzoIpClient>localhost</indirizzoIpClient>
  <timestamp>2019-02-24 21:24:49.801</timestamp>
  <evento>SPACE</evento>
</asteroids.MessaggioDiLog>
<asteroids.MessaggioDiLog>
  <nomeApplicazione>Asteroids</nomeApplicazione>
  <indirizzoIpClient>localhost</indirizzoIpClient>
  <timestamp>2019-02-24 21:24:50.009</timestamp>
  <evento>SPACE</evento>
</asteroids.MessaggioDiLog>
<asteroids.MessaggioDiLog>
  <nomeApplicazione>Asteroids</nomeApplicazione>
  <indirizzoIpClient>localhost</indirizzoIpClient>
  <timestamp>2019-02-24 21:24:53.748</timestamp>
  <evento>ENTER</evento>
</asteroids.MessaggioDiLog>
<asteroids.MessaggioDiLog>
  <nomeApplicazione>Asteroids</nomeApplicazione>
  <indirizzoIpClient>localhost</indirizzoIpClient>
  <timestamp>2019-02-24 21:24:54.485</timestamp>
  <evento>RIGHT</evento>
</asteroids.MessaggioDiLog>
<asteroids.MessaggioDiLog>
  <nomeApplicazione>Asteroids</nomeApplicazione>
  <indirizzoIpClient>localhost</indirizzoIpClient>
  <timestamp>2019-02-24 21:24:54.502</timestamp>
  <evento>UP</evento>
</asteroids.MessaggioDiLog>
<asteroids.MessaggioDiLog>
  <nomeApplicazione>Asteroids</nomeApplicazione>
  <indirizzoIpClient>localhost</indirizzoIpClient>
  <timestamp>2019-02-24 21:24:54.937</timestamp>
  <evento>UP</evento>
</asteroids.MessaggioDiLog>
<asteroids.MessaggioDiLog>
  <nomeApplicazione>Asteroids</nomeApplicazione>
  <indirizzoIpClient>localhost</indirizzoIpClient>
  <timestamp>2019-02-24 21:24:54.968</timestamp>
  <evento>UP</evento>
</asteroids.MessaggioDiLog>
<asteroids.MessaggioDiLog>
  <nomeApplicazione>Asteroids</nomeApplicazione>
  <indirizzoIpClient>localhost</indirizzoIpClient>
  <timestamp>2019-02-24 21:24:54.985</timestamp>
  <evento>LEFT</evento>
</asteroids.MessaggioDiLog>
<asteroids.MessaggioDiLog>
  <nomeApplicazione>Asteroids</nomeApplicazione>
  <indirizzoIpClient>localhost</indirizzoIpClient>
  <timestamp>2019-02-24 21:24:55.224</timestamp>
  <evento>SPACE</evento>
</asteroids.MessaggioDiLog>
<asteroids.MessaggioDiLog>
  <nomeApplicazione>Asteroids</nomeApplicazione>
  <indirizzoIpClient>localhost</indirizzoIpClient>
  <timestamp>2019-02-24 21:24:55.485</timestamp>
  <evento>SPACE</evento>
</asteroids.MessaggioDiLog>
<asteroids.MessaggioDiLog>
  <nomeApplicazione>Asteroids</nomeApplicazione>
  <indirizzoIpClient>localhost</indirizzoIpClient>
  <timestamp>2019-02-24 21:24:55.67</timestamp>
  <evento>LEFT</evento>
</asteroids.MessaggioDiLog>
<asteroids.MessaggioDiLog>
  <nomeApplicazione>Asteroids</nomeApplicazione>
  <indirizzoIpClient>localhost</indirizzoIpClient>
  <timestamp>2019-02-24 21:24:55.686</timestamp>
  <evento>SPACE</evento>
</asteroids.MessaggioDiLog>
<asteroids.MessaggioDiLog>
  <nomeApplicazione>Asteroids</nomeApplicazione>
  <indirizzoIpClient>localhost</indirizzoIpClient>
  <timestamp>2019-02-24 21:24:55.846</timestamp>
  <evento>SPACE</evento>
</asteroids.MessaggioDiLog>
<asteroids.MessaggioDiLog>
  <nomeApplicazione>Asteroids</nomeApplicazione>
  <indirizzoIpClient>localhost</indirizzoIpClient>
  <timestamp>2019-02-24 21:24:56.002</timestamp>
  <evento>SPACE</evento>
</asteroids.MessaggioDiLog>
<asteroids.MessaggioDiLog>
  <nomeApplicazione>Asteroids</nomeApplicazione>
  <indirizzoIpClient>localhost</indirizzoIpClient>
  <timestamp>2019-02-24 21:24:56.956</timestamp>
  <evento>ENTER</evento>
</asteroids.MessaggioDiLog>
<asteroids.MessaggioDiLog>
  <nomeApplicazione>Asteroids</nomeApplicazione>
  <indirizzoIpClient>localhost</indirizzoIpClient>
  <timestamp>2019-02-24 21:24:57.269</timestamp>
  <evento>LEFT</evento>
</asteroids.MessaggioDiLog>
<asteroids.MessaggioDiLog>
  <nomeApplicazione>Asteroids</nomeApplicazione>
  <indirizzoIpClient>localhost</indirizzoIpClient>
  <timestamp>2019-02-24 21:24:57.396</timestamp>
  <evento>UP</evento>
</asteroids.MessaggioDiLog>
<asteroids.MessaggioDiLog>
  <nomeApplicazione>Asteroids</nomeApplicazione>
  <indirizzoIpClient>localhost</indirizzoIpClient>
  <timestamp>2019-02-24 21:24:57.829</timestamp>
  <evento>SPACE</evento>
</asteroids.MessaggioDiLog>
<asteroids.MessaggioDiLog>
  <nomeApplicazione>Asteroids</nomeApplicazione>
  <indirizzoIpClient>localhost</indirizzoIpClient>
  <timestamp>2019-02-24 21:24:58.037</timestamp>
  <evento>SPACE</evento>
</asteroids.MessaggioDiLog>
<asteroids.MessaggioDiLog>
  <nomeApplicazione>Asteroids</nomeApplicazione>
  <indirizzoIpClient>localhost</indirizzoIpClient>
  <timestamp>2019-02-24 21:24:58.102</timestamp>
  <evento>LEFT</evento>
</asteroids.MessaggioDiLog>
<asteroids.MessaggioDiLog>
  <nomeApplicazione>Asteroids</nomeApplicazione>
  <indirizzoIpClient>localhost</indirizzoIpClient>
  <timestamp>2019-02-24 21:24:58.24</timestamp>
  <evento>SPACE</evento>
</asteroids.MessaggioDiLog>
<asteroids.MessaggioDiLog>
  <nomeApplicazione>Asteroids</nomeApplicazione>
  <indirizzoIpClient>localhost</indirizzoIpClient>
  <timestamp>2019-02-24 21:24:58.436</timestamp>
  <evento>SPACE</evento>
</asteroids.MessaggioDiLog>
<asteroids.MessaggioDiLog>
  <nomeApplicazione>Asteroids</nomeApplicazione>
  <indirizzoIpClient>localhost</indirizzoIpClient>
  <timestamp>2019-02-24 21:24:58.589</timestamp>
  <evento>UP</evento>
</asteroids.MessaggioDiLog>
<asteroids.MessaggioDiLog>
  <nomeApplicazione>Asteroids</nomeApplicazione>
  <indirizzoIpClient>localhost</indirizzoIpClient>
  <timestamp>2019-02-24 21:24:58.603</timestamp>
  <evento>SPACE</evento>
</asteroids.MessaggioDiLog>
<asteroids.MessaggioDiLog>
  <nomeApplicazione>Asteroids</nomeApplicazione>
  <indirizzoIpClient>localhost</indirizzoIpClient>
  <timestamp>2019-02-24 21:24:58.663</timestamp>
  <evento>RIGHT</evento>
</asteroids.MessaggioDiLog>
<asteroids.MessaggioDiLog>
  <nomeApplicazione>Asteroids</nomeApplicazione>
  <indirizzoIpClient>localhost</indirizzoIpClient>
  <timestamp>2019-02-24 21:24:58.986</timestamp>
  <evento>SPACE</evento>
</asteroids.MessaggioDiLog>
<asteroids.MessaggioDiLog>
  <nomeApplicazione>Asteroids</nomeApplicazione>
  <indirizzoIpClient>localhost</indirizzoIpClient>
  <timestamp>2019-02-24 21:24:59.187</timestamp>
  <evento>SPACE</evento>
</asteroids.MessaggioDiLog>
<asteroids.MessaggioDiLog>
  <nomeApplicazione>Asteroids</nomeApplicazione>
  <indirizzoIpClient>localhost</indirizzoIpClient>
  <timestamp>2019-02-24 21:24:59.369</timestamp>
  <evento>LEFT</evento>
</asteroids.MessaggioDiLog>
<asteroids.MessaggioDiLog>
  <nomeApplicazione>Asteroids</nomeApplicazione>
  <indirizzoIpClient>localhost</indirizzoIpClient>
  <timestamp>2019-02-24 21:24:59.386</timestamp>
  <evento>SPACE</evento>
</asteroids.MessaggioDiLog>
<asteroids.MessaggioDiLog>
  <nomeApplicazione>Asteroids</nomeApplicazione>
  <indirizzoIpClient>localhost</indirizzoIpClient>
  <timestamp>2019-02-24 21:24:59.553</timestamp>
  <evento>SPACE</evento>
</asteroids.MessaggioDiLog>
<asteroids.MessaggioDiLog>
  <nomeApplicazione>Asteroids</nomeApplicazione>
  <indirizzoIpClient>localhost</indirizzoIpClient>
  <timestamp>2019-02-24 21:24:59.721</timestamp>
  <evento>SPACE</evento>
</asteroids.MessaggioDiLog>
<asteroids.MessaggioDiLog>
  <nomeApplicazione>Asteroids</nomeApplicazione>
  <indirizzoIpClient>localhost</indirizzoIpClient>
  <timestamp>2019-02-24 21:24:59.893</timestamp>
  <evento>SPACE</evento>
</asteroids.MessaggioDiLog>
<asteroids.MessaggioDiLog>
  <nomeApplicazione>Asteroids</nomeApplicazione>
  <indirizzoIpClient>localhost</indirizzoIpClient>
  <timestamp>2019-02-24 21:25:00.07</timestamp>
  <evento>SPACE</evento>
</asteroids.MessaggioDiLog>
<asteroids.MessaggioDiLog>
  <nomeApplicazione>Asteroids</nomeApplicazione>
  <indirizzoIpClient>localhost</indirizzoIpClient>
  <timestamp>2019-02-24 21:25:01.848</timestamp>
  <evento>UP</evento>
</asteroids.MessaggioDiLog>
<asteroids.MessaggioDiLog>
  <nomeApplicazione>Asteroids</nomeApplicazione>
  <indirizzoIpClient>localhost</indirizzoIpClient>
  <timestamp>2019-02-24 21:25:02.022</timestamp>
  <evento>LEFT</evento>
</asteroids.MessaggioDiLog>
<asteroids.MessaggioDiLog>
  <nomeApplicazione>Asteroids</nomeApplicazione>
  <indirizzoIpClient>localhost</indirizzoIpClient>
  <timestamp>2019-02-24 21:25:02.386</timestamp>
  <evento>LEFT</evento>
</asteroids.MessaggioDiLog>
<asteroids.MessaggioDiLog>
  <nomeApplicazione>Asteroids</nomeApplicazione>
  <indirizzoIpClient>localhost</indirizzoIpClient>
  <timestamp>2019-02-24 21:25:02.403</timestamp>
  <evento>UP</evento>
</asteroids.MessaggioDiLog>
<asteroids.MessaggioDiLog>
  <nomeApplicazione>Asteroids</nomeApplicazione>
  <indirizzoIpClient>localhost</indirizzoIpClient>
  <timestamp>2019-02-24 21:25:02.903</timestamp>
  <evento>LEFT</evento>
</asteroids.MessaggioDiLog>
<asteroids.MessaggioDiLog>
  <nomeApplicazione>Asteroids</nomeApplicazione>
  <indirizzoIpClient>localhost</indirizzoIpClient>
  <timestamp>2019-02-24 21:25:02.905</timestamp>
  <evento>UP</evento>
</asteroids.MessaggioDiLog>
<asteroids.MessaggioDiLog>
  <nomeApplicazione>Asteroids</nomeApplicazione>
  <indirizzoIpClient>localhost</indirizzoIpClient>
  <timestamp>2019-02-24 21:25:03.62</timestamp>
  <evento>LEFT</evento>
</asteroids.MessaggioDiLog>
<asteroids.MessaggioDiLog>
  <nomeApplicazione>Asteroids</nomeApplicazione>
  <indirizzoIpClient>localhost</indirizzoIpClient>
  <timestamp>2019-02-24 21:25:03.687</timestamp>
  <evento>UP</evento>
</asteroids.MessaggioDiLog>
<asteroids.MessaggioDiLog>
  <nomeApplicazione>Asteroids</nomeApplicazione>
  <indirizzoIpClient>localhost</indirizzoIpClient>
  <timestamp>2019-02-24 21:25:03.971</timestamp>
  <evento>UP</evento>
</asteroids.MessaggioDiLog>
<asteroids.MessaggioDiLog>
  <nomeApplicazione>Asteroids</nomeApplicazione>
  <indirizzoIpClient>localhost</indirizzoIpClient>
  <timestamp>2019-02-24 21:25:05.42</timestamp>
  <evento>TERMINE</evento>
</asteroids.MessaggioDiLog>
<asteroids.MessaggioDiLog>
  <nomeApplicazione>Asteroids</nomeApplicazione>
  <indirizzoIpClient>localhost</indirizzoIpClient>
  <timestamp>2019-02-24 21:25:12.237</timestamp>
  <evento>AVVIO</evento>
</asteroids.MessaggioDiLog>
<asteroids.MessaggioDiLog>
  <nomeApplicazione>Asteroids</nomeApplicazione>
  <indirizzoIpClient>localhost</indirizzoIpClient>
  <timestamp>2019-02-24 21:25:15.427</timestamp>
  <evento>TERMINE</evento>
</asteroids.MessaggioDiLog>
<asteroids.MessaggioDiLog>
  <nomeApplicazione>Asteroids</nomeApplicazione>
  <indirizzoIpClient>localhost</indirizzoIpClient>
  <timestamp>2019-02-24 21:26:02.78</timestamp>
  <evento>AVVIO</evento>
</asteroids.MessaggioDiLog>
<asteroids.MessaggioDiLog>
  <nomeApplicazione>Asteroids</nomeApplicazione>
  <indirizzoIpClient>localhost</indirizzoIpClient>
  <timestamp>2019-02-24 21:26:04.681</timestamp>
  <evento>START</evento>
</asteroids.MessaggioDiLog>
<asteroids.MessaggioDiLog>
  <nomeApplicazione>Asteroids</nomeApplicazione>
  <indirizzoIpClient>localhost</indirizzoIpClient>
  <timestamp>2019-02-24 21:26:05.202</timestamp>
  <evento>UP</evento>
</asteroids.MessaggioDiLog>
<asteroids.MessaggioDiLog>
  <nomeApplicazione>Asteroids</nomeApplicazione>
  <indirizzoIpClient>localhost</indirizzoIpClient>
  <timestamp>2019-02-24 21:26:05.267</timestamp>
  <evento>LEFT</evento>
</asteroids.MessaggioDiLog>
<asteroids.MessaggioDiLog>
  <nomeApplicazione>Asteroids</nomeApplicazione>
  <indirizzoIpClient>localhost</indirizzoIpClient>
  <timestamp>2019-02-24 21:26:05.338</timestamp>
  <evento>SPACE</evento>
</asteroids.MessaggioDiLog>
<asteroids.MessaggioDiLog>
  <nomeApplicazione>Asteroids</nomeApplicazione>
  <indirizzoIpClient>localhost</indirizzoIpClient>
  <timestamp>2019-02-24 21:26:05.373</timestamp>
  <evento>RIGHT</evento>
</asteroids.MessaggioDiLog>
<asteroids.MessaggioDiLog>
  <nomeApplicazione>Asteroids</nomeApplicazione>
  <indirizzoIpClient>localhost</indirizzoIpClient>
  <timestamp>2019-02-24 21:26:05.713</timestamp>
  <evento>SPACE</evento>
</asteroids.MessaggioDiLog>
<asteroids.MessaggioDiLog>
  <nomeApplicazione>Asteroids</nomeApplicazione>
  <indirizzoIpClient>localhost</indirizzoIpClient>
  <timestamp>2019-02-24 21:26:05.8</timestamp>
  <evento>RIGHT</evento>
</asteroids.MessaggioDiLog>
<asteroids.MessaggioDiLog>
  <nomeApplicazione>Asteroids</nomeApplicazione>
  <indirizzoIpClient>localhost</indirizzoIpClient>
  <timestamp>2019-02-24 21:26:05.884</timestamp>
  <evento>SPACE</evento>
</asteroids.MessaggioDiLog>
<asteroids.MessaggioDiLog>
  <nomeApplicazione>Asteroids</nomeApplicazione>
  <indirizzoIpClient>localhost</indirizzoIpClient>
  <timestamp>2019-02-24 21:26:06.1</timestamp>
  <evento>SPACE</evento>
</asteroids.MessaggioDiLog>
<asteroids.MessaggioDiLog>
  <nomeApplicazione>Asteroids</nomeApplicazione>
  <indirizzoIpClient>localhost</indirizzoIpClient>
  <timestamp>2019-02-24 21:26:08.099</timestamp>
  <evento>TERMINE</evento>
</asteroids.MessaggioDiLog>
<asteroids.MessaggioDiLog>
  <nomeApplicazione>Asteroids</nomeApplicazione>
  <indirizzoIpClient>localhost</indirizzoIpClient>
  <timestamp>2019-02-24 21:26:14.225</timestamp>
  <evento>AVVIO</evento>
</asteroids.MessaggioDiLog>
<asteroids.MessaggioDiLog>
  <nomeApplicazione>Asteroids</nomeApplicazione>
  <indirizzoIpClient>localhost</indirizzoIpClient>
  <timestamp>2019-02-24 21:26:16.963</timestamp>
  <evento>TERMINE</evento>
</asteroids.MessaggioDiLog>
<asteroids.MessaggioDiLog>
  <nomeApplicazione>Asteroids</nomeApplicazione>
  <indirizzoIpClient>localhost</indirizzoIpClient>
  <timestamp>2019-02-24 21:26:36.039</timestamp>
  <evento>AVVIO</evento>
</asteroids.MessaggioDiLog>
<asteroids.MessaggioDiLog>
  <nomeApplicazione>Asteroids</nomeApplicazione>
  <indirizzoIpClient>localhost</indirizzoIpClient>
  <timestamp>2019-02-24 21:26:37.824</timestamp>
  <evento>START</evento>
</asteroids.MessaggioDiLog>
<asteroids.MessaggioDiLog>
  <nomeApplicazione>Asteroids</nomeApplicazione>
  <indirizzoIpClient>localhost</indirizzoIpClient>
  <timestamp>2019-02-24 21:26:38.183</timestamp>
  <evento>SPACE</evento>
</asteroids.MessaggioDiLog>
<asteroids.MessaggioDiLog>
  <nomeApplicazione>Asteroids</nomeApplicazione>
  <indirizzoIpClient>localhost</indirizzoIpClient>
  <timestamp>2019-02-24 21:26:38.395</timestamp>
  <evento>SPACE</evento>
</asteroids.MessaggioDiLog>
<asteroids.MessaggioDiLog>
  <nomeApplicazione>Asteroids</nomeApplicazione>
  <indirizzoIpClient>localhost</indirizzoIpClient>
  <timestamp>2019-02-24 21:26:38.576</timestamp>
  <evento>SPACE</evento>
</asteroids.MessaggioDiLog>
<asteroids.MessaggioDiLog>
  <nomeApplicazione>Asteroids</nomeApplicazione>
  <indirizzoIpClient>localhost</indirizzoIpClient>
  <timestamp>2019-02-24 21:26:38.741</timestamp>
  <evento>UP</evento>
</asteroids.MessaggioDiLog>
<asteroids.MessaggioDiLog>
  <nomeApplicazione>Asteroids</nomeApplicazione>
  <indirizzoIpClient>localhost</indirizzoIpClient>
  <timestamp>2019-02-24 21:26:38.758</timestamp>
  <evento>SPACE</evento>
</asteroids.MessaggioDiLog>
<asteroids.MessaggioDiLog>
  <nomeApplicazione>Asteroids</nomeApplicazione>
  <indirizzoIpClient>localhost</indirizzoIpClient>
  <timestamp>2019-02-24 21:26:38.962</timestamp>
  <evento>SPACE</evento>
</asteroids.MessaggioDiLog>
<asteroids.MessaggioDiLog>
  <nomeApplicazione>Asteroids</nomeApplicazione>
  <indirizzoIpClient>localhost</indirizzoIpClient>
  <timestamp>2019-02-24 21:26:39.541</timestamp>
  <evento>ENTER</evento>
</asteroids.MessaggioDiLog>
<asteroids.MessaggioDiLog>
  <nomeApplicazione>Asteroids</nomeApplicazione>
  <indirizzoIpClient>localhost</indirizzoIpClient>
  <timestamp>2019-02-24 21:26:41.5</timestamp>
  <evento>TERMINE</evento>
</asteroids.MessaggioDiLog>
<asteroids.MessaggioDiLog>
  <nomeApplicazione>Asteroids</nomeApplicazione>
  <indirizzoIpClient>localhost</indirizzoIpClient>
  <timestamp>2019-02-24 21:26:47.077</timestamp>
  <evento>AVVIO</evento>
</asteroids.MessaggioDiLog>
<asteroids.MessaggioDiLog>
  <nomeApplicazione>Asteroids</nomeApplicazione>
  <indirizzoIpClient>localhost</indirizzoIpClient>
  <timestamp>2019-02-24 21:26:50.964</timestamp>
  <evento>START</evento>
</asteroids.MessaggioDiLog>
<asteroids.MessaggioDiLog>
  <nomeApplicazione>Asteroids</nomeApplicazione>
  <indirizzoIpClient>localhost</indirizzoIpClient>
  <timestamp>2019-02-24 21:26:51.111</timestamp>
  <evento>UP</evento>
</asteroids.MessaggioDiLog>
<asteroids.MessaggioDiLog>
  <nomeApplicazione>Asteroids</nomeApplicazione>
  <indirizzoIpClient>localhost</indirizzoIpClient>
  <timestamp>2019-02-24 21:26:51.311</timestamp>
  <evento>SPACE</evento>
</asteroids.MessaggioDiLog>
<asteroids.MessaggioDiLog>
  <nomeApplicazione>Asteroids</nomeApplicazione>
  <indirizzoIpClient>localhost</indirizzoIpClient>
  <timestamp>2019-02-24 21:26:51.543</timestamp>
  <evento>RIGHT</evento>
</asteroids.MessaggioDiLog>
<asteroids.MessaggioDiLog>
  <nomeApplicazione>Asteroids</nomeApplicazione>
  <indirizzoIpClient>localhost</indirizzoIpClient>
  <timestamp>2019-02-24 21:26:51.545</timestamp>
  <evento>SPACE</evento>
</asteroids.MessaggioDiLog>
<asteroids.MessaggioDiLog>
  <nomeApplicazione>Asteroids</nomeApplicazione>
  <indirizzoIpClient>localhost</indirizzoIpClient>
  <timestamp>2019-02-24 21:26:51.778</timestamp>
  <evento>SPACE</evento>
</asteroids.MessaggioDiLog>
<asteroids.MessaggioDiLog>
  <nomeApplicazione>Asteroids</nomeApplicazione>
  <indirizzoIpClient>localhost</indirizzoIpClient>
  <timestamp>2019-02-24 21:26:52.294</timestamp>
  <evento>SPACE</evento>
</asteroids.MessaggioDiLog>
<asteroids.MessaggioDiLog>
  <nomeApplicazione>Asteroids</nomeApplicazione>
  <indirizzoIpClient>localhost</indirizzoIpClient>
  <timestamp>2019-02-24 21:26:54.136</timestamp>
  <evento>TERMINE</evento>
</asteroids.MessaggioDiLog>
<asteroids.MessaggioDiLog>
  <nomeApplicazione>Asteroids</nomeApplicazione>
  <indirizzoIpClient>localhost</indirizzoIpClient>
  <timestamp>2019-02-24 21:26:59.794</timestamp>
  <evento>AVVIO</evento>
</asteroids.MessaggioDiLog>
<asteroids.MessaggioDiLog>
  <nomeApplicazione>Asteroids</nomeApplicazione>
  <indirizzoIpClient>localhost</indirizzoIpClient>
  <timestamp>2019-02-24 21:27:01.932</timestamp>
  <evento>TERMINE</evento>
</asteroids.MessaggioDiLog>
<asteroids.MessaggioDiLog>
  <nomeApplicazione>Asteroids</nomeApplicazione>
  <indirizzoIpClient>localhost</indirizzoIpClient>
  <timestamp>2019-02-24 21:27:27.441</timestamp>
  <evento>AVVIO</evento>
</asteroids.MessaggioDiLog>
<asteroids.MessaggioDiLog>
  <nomeApplicazione>Asteroids</nomeApplicazione>
  <indirizzoIpClient>localhost</indirizzoIpClient>
  <timestamp>2019-02-24 21:27:30.038</timestamp>
  <evento>START</evento>
</asteroids.MessaggioDiLog>
<asteroids.MessaggioDiLog>
  <nomeApplicazione>Asteroids</nomeApplicazione>
  <indirizzoIpClient>localhost</indirizzoIpClient>
  <timestamp>2019-02-24 21:27:30.071</timestamp>
  <evento>SPACE</evento>
</asteroids.MessaggioDiLog>
<asteroids.MessaggioDiLog>
  <nomeApplicazione>Asteroids</nomeApplicazione>
  <indirizzoIpClient>localhost</indirizzoIpClient>
  <timestamp>2019-02-24 21:27:30.285</timestamp>
  <evento>SPACE</evento>
</asteroids.MessaggioDiLog>
<asteroids.MessaggioDiLog>
  <nomeApplicazione>Asteroids</nomeApplicazione>
  <indirizzoIpClient>localhost</indirizzoIpClient>
  <timestamp>2019-02-24 21:27:30.43</timestamp>
  <evento>RIGHT</evento>
</asteroids.MessaggioDiLog>
<asteroids.MessaggioDiLog>
  <nomeApplicazione>Asteroids</nomeApplicazione>
  <indirizzoIpClient>localhost</indirizzoIpClient>
  <timestamp>2019-02-24 21:27:30.487</timestamp>
  <evento>SPACE</evento>
</asteroids.MessaggioDiLog>
<asteroids.MessaggioDiLog>
  <nomeApplicazione>Asteroids</nomeApplicazione>
  <indirizzoIpClient>localhost</indirizzoIpClient>
  <timestamp>2019-02-24 21:27:30.552</timestamp>
  <evento>UP</evento>
</asteroids.MessaggioDiLog>
<asteroids.MessaggioDiLog>
  <nomeApplicazione>Asteroids</nomeApplicazione>
  <indirizzoIpClient>localhost</indirizzoIpClient>
  <timestamp>2019-02-24 21:27:30.668</timestamp>
  <evento>SPACE</evento>
</asteroids.MessaggioDiLog>
<asteroids.MessaggioDiLog>
  <nomeApplicazione>Asteroids</nomeApplicazione>
  <indirizzoIpClient>localhost</indirizzoIpClient>
  <timestamp>2019-02-24 21:27:30.827</timestamp>
  <evento>SPACE</evento>
</asteroids.MessaggioDiLog>
<asteroids.MessaggioDiLog>
  <nomeApplicazione>Asteroids</nomeApplicazione>
  <indirizzoIpClient>localhost</indirizzoIpClient>
  <timestamp>2019-02-24 21:27:31.148</timestamp>
  <evento>UP</evento>
</asteroids.MessaggioDiLog>
<asteroids.MessaggioDiLog>
  <nomeApplicazione>Asteroids</nomeApplicazione>
  <indirizzoIpClient>localhost</indirizzoIpClient>
  <timestamp>2019-02-24 21:27:31.369</timestamp>
  <evento>RIGHT</evento>
</asteroids.MessaggioDiLog>
<asteroids.MessaggioDiLog>
  <nomeApplicazione>Asteroids</nomeApplicazione>
  <indirizzoIpClient>localhost</indirizzoIpClient>
  <timestamp>2019-02-24 21:27:31.853</timestamp>
  <evento>LEFT</evento>
</asteroids.MessaggioDiLog>
<asteroids.MessaggioDiLog>
  <nomeApplicazione>Asteroids</nomeApplicazione>
  <indirizzoIpClient>localhost</indirizzoIpClient>
  <timestamp>2019-02-24 21:27:34.219</timestamp>
  <evento>TERMINE</evento>
</asteroids.MessaggioDiLog>
<asteroids.MessaggioDiLog>
  <nomeApplicazione>Asteroids</nomeApplicazione>
  <indirizzoIpClient>localhost</indirizzoIpClient>
  <timestamp>2019-02-24 21:27:40.145</timestamp>
  <evento>AVVIO</evento>
</asteroids.MessaggioDiLog>
<asteroids.MessaggioDiLog>
  <nomeApplicazione>Asteroids</nomeApplicazione>
  <indirizzoIpClient>localhost</indirizzoIpClient>
  <timestamp>2019-02-24 21:27:42.543</timestamp>
  <evento>START</evento>
</asteroids.MessaggioDiLog>
<asteroids.MessaggioDiLog>
  <nomeApplicazione>Asteroids</nomeApplicazione>
  <indirizzoIpClient>localhost</indirizzoIpClient>
  <timestamp>2019-02-24 21:27:43.631</timestamp>
  <evento>LEFT</evento>
</asteroids.MessaggioDiLog>
<asteroids.MessaggioDiLog>
  <nomeApplicazione>Asteroids</nomeApplicazione>
  <indirizzoIpClient>localhost</indirizzoIpClient>
  <timestamp>2019-02-24 21:27:43.915</timestamp>
  <evento>SPACE</evento>
</asteroids.MessaggioDiLog>
<asteroids.MessaggioDiLog>
  <nomeApplicazione>Asteroids</nomeApplicazione>
  <indirizzoIpClient>localhost</indirizzoIpClient>
  <timestamp>2019-02-24 21:27:44.172</timestamp>
  <evento>SPACE</evento>
</asteroids.MessaggioDiLog>
<asteroids.MessaggioDiLog>
  <nomeApplicazione>Asteroids</nomeApplicazione>
  <indirizzoIpClient>localhost</indirizzoIpClient>
  <timestamp>2019-02-24 21:27:44.388</timestamp>
  <evento>UP</evento>
</asteroids.MessaggioDiLog>
<asteroids.MessaggioDiLog>
  <nomeApplicazione>Asteroids</nomeApplicazione>
  <indirizzoIpClient>localhost</indirizzoIpClient>
  <timestamp>2019-02-24 21:27:44.688</timestamp>
  <evento>LEFT</evento>
</asteroids.MessaggioDiLog>
<asteroids.MessaggioDiLog>
  <nomeApplicazione>Asteroids</nomeApplicazione>
  <indirizzoIpClient>localhost</indirizzoIpClient>
  <timestamp>2019-02-24 21:27:45.105</timestamp>
  <evento>RIGHT</evento>
</asteroids.MessaggioDiLog>
<asteroids.MessaggioDiLog>
  <nomeApplicazione>Asteroids</nomeApplicazione>
  <indirizzoIpClient>localhost</indirizzoIpClient>
  <timestamp>2019-02-24 21:27:45.565</timestamp>
  <evento>ENTER</evento>
</asteroids.MessaggioDiLog>
<asteroids.MessaggioDiLog>
  <nomeApplicazione>Asteroids</nomeApplicazione>
  <indirizzoIpClient>localhost</indirizzoIpClient>
  <timestamp>2019-02-24 21:27:47.509</timestamp>
  <evento>TERMINE</evento>
</asteroids.MessaggioDiLog>
<asteroids.MessaggioDiLog>
  <nomeApplicazione>Asteroids</nomeApplicazione>
  <indirizzoIpClient>localhost</indirizzoIpClient>
  <timestamp>2019-02-24 21:27:53.165</timestamp>
  <evento>AVVIO</evento>
</asteroids.MessaggioDiLog>
<asteroids.MessaggioDiLog>
  <nomeApplicazione>Asteroids</nomeApplicazione>
  <indirizzoIpClient>localhost</indirizzoIpClient>
  <timestamp>2019-02-24 21:27:55.525</timestamp>
  <evento>TERMINE</evento>
</asteroids.MessaggioDiLog>
<asteroids.MessaggioDiLog>
  <nomeApplicazione>Asteroids</nomeApplicazione>
  <indirizzoIpClient>localhost</indirizzoIpClient>
  <timestamp>2019-02-24 21:28:20.966</timestamp>
  <evento>AVVIO</evento>
</asteroids.MessaggioDiLog>
<asteroids.MessaggioDiLog>
  <nomeApplicazione>Asteroids</nomeApplicazione>
  <indirizzoIpClient>localhost</indirizzoIpClient>
  <timestamp>2019-02-24 21:28:26.964</timestamp>
  <evento>START</evento>
</asteroids.MessaggioDiLog>
<asteroids.MessaggioDiLog>
  <nomeApplicazione>Asteroids</nomeApplicazione>
  <indirizzoIpClient>localhost</indirizzoIpClient>
  <timestamp>2019-02-24 21:28:27.402</timestamp>
  <evento>LEFT</evento>
</asteroids.MessaggioDiLog>
<asteroids.MessaggioDiLog>
  <nomeApplicazione>Asteroids</nomeApplicazione>
  <indirizzoIpClient>localhost</indirizzoIpClient>
  <timestamp>2019-02-24 21:28:27.414</timestamp>
  <evento>UP</evento>
</asteroids.MessaggioDiLog>
<asteroids.MessaggioDiLog>
  <nomeApplicazione>Asteroids</nomeApplicazione>
  <indirizzoIpClient>localhost</indirizzoIpClient>
  <timestamp>2019-02-24 21:28:27.432</timestamp>
  <evento>SPACE</evento>
</asteroids.MessaggioDiLog>
<asteroids.MessaggioDiLog>
  <nomeApplicazione>Asteroids</nomeApplicazione>
  <indirizzoIpClient>localhost</indirizzoIpClient>
  <timestamp>2019-02-24 21:28:27.664</timestamp>
  <evento>SPACE</evento>
</asteroids.MessaggioDiLog>
<asteroids.MessaggioDiLog>
  <nomeApplicazione>Asteroids</nomeApplicazione>
  <indirizzoIpClient>localhost</indirizzoIpClient>
  <timestamp>2019-02-24 21:28:27.847</timestamp>
  <evento>SPACE</evento>
</asteroids.MessaggioDiLog>
<asteroids.MessaggioDiLog>
  <nomeApplicazione>Asteroids</nomeApplicazione>
  <indirizzoIpClient>localhost</indirizzoIpClient>
  <timestamp>2019-02-24 21:28:28.031</timestamp>
  <evento>SPACE</evento>
</asteroids.MessaggioDiLog>
<asteroids.MessaggioDiLog>
  <nomeApplicazione>Asteroids</nomeApplicazione>
  <indirizzoIpClient>localhost</indirizzoIpClient>
  <timestamp>2019-02-24 21:28:28.251</timestamp>
  <evento>LEFT</evento>
</asteroids.MessaggioDiLog>
<asteroids.MessaggioDiLog>
  <nomeApplicazione>Asteroids</nomeApplicazione>
  <indirizzoIpClient>localhost</indirizzoIpClient>
  <timestamp>2019-02-24 21:28:28.485</timestamp>
  <evento>UP</evento>
</asteroids.MessaggioDiLog>
<asteroids.MessaggioDiLog>
  <nomeApplicazione>Asteroids</nomeApplicazione>
  <indirizzoIpClient>localhost</indirizzoIpClient>
  <timestamp>2019-02-24 21:28:28.928</timestamp>
  <evento>UP</evento>
</asteroids.MessaggioDiLog>
<asteroids.MessaggioDiLog>
  <nomeApplicazione>Asteroids</nomeApplicazione>
  <indirizzoIpClient>localhost</indirizzoIpClient>
  <timestamp>2019-02-24 21:28:28.953</timestamp>
  <evento>UP</evento>
</asteroids.MessaggioDiLog>
<asteroids.MessaggioDiLog>
  <nomeApplicazione>Asteroids</nomeApplicazione>
  <indirizzoIpClient>localhost</indirizzoIpClient>
  <timestamp>2019-02-24 21:28:30.948</timestamp>
  <evento>TERMINE</evento>
</asteroids.MessaggioDiLog>
<asteroids.MessaggioDiLog>
  <nomeApplicazione>Asteroids</nomeApplicazione>
  <indirizzoIpClient>localhost</indirizzoIpClient>
  <timestamp>2019-02-24 21:28:36.915</timestamp>
  <evento>AVVIO</evento>
</asteroids.MessaggioDiLog>
<asteroids.MessaggioDiLog>
  <nomeApplicazione>Asteroids</nomeApplicazione>
  <indirizzoIpClient>localhost</indirizzoIpClient>
  <timestamp>2019-02-24 21:28:39.664</timestamp>
  <evento>START</evento>
</asteroids.MessaggioDiLog>
<asteroids.MessaggioDiLog>
  <nomeApplicazione>Asteroids</nomeApplicazione>
  <indirizzoIpClient>localhost</indirizzoIpClient>
  <timestamp>2019-02-24 21:28:39.968</timestamp>
  <evento>UP</evento>
</asteroids.MessaggioDiLog>
<asteroids.MessaggioDiLog>
  <nomeApplicazione>Asteroids</nomeApplicazione>
  <indirizzoIpClient>localhost</indirizzoIpClient>
  <timestamp>2019-02-24 21:28:39.973</timestamp>
  <evento>SPACE</evento>
</asteroids.MessaggioDiLog>
<asteroids.MessaggioDiLog>
  <nomeApplicazione>Asteroids</nomeApplicazione>
  <indirizzoIpClient>localhost</indirizzoIpClient>
  <timestamp>2019-02-24 21:28:40.1</timestamp>
  <evento>RIGHT</evento>
</asteroids.MessaggioDiLog>
<asteroids.MessaggioDiLog>
  <nomeApplicazione>Asteroids</nomeApplicazione>
  <indirizzoIpClient>localhost</indirizzoIpClient>
  <timestamp>2019-02-24 21:28:40.214</timestamp>
  <evento>SPACE</evento>
</asteroids.MessaggioDiLog>
<asteroids.MessaggioDiLog>
  <nomeApplicazione>Asteroids</nomeApplicazione>
  <indirizzoIpClient>localhost</indirizzoIpClient>
  <timestamp>2019-02-24 21:28:40.45</timestamp>
  <evento>SPACE</evento>
</asteroids.MessaggioDiLog>
<asteroids.MessaggioDiLog>
  <nomeApplicazione>Asteroids</nomeApplicazione>
  <indirizzoIpClient>localhost</indirizzoIpClient>
  <timestamp>2019-02-24 21:28:40.66</timestamp>
  <evento>SPACE</evento>
</asteroids.MessaggioDiLog>
<asteroids.MessaggioDiLog>
  <nomeApplicazione>Asteroids</nomeApplicazione>
  <indirizzoIpClient>localhost</indirizzoIpClient>
  <timestamp>2019-02-24 21:28:41.285</timestamp>
  <evento>LEFT</evento>
</asteroids.MessaggioDiLog>
<asteroids.MessaggioDiLog>
  <nomeApplicazione>Asteroids</nomeApplicazione>
  <indirizzoIpClient>localhost</indirizzoIpClient>
  <timestamp>2019-02-24 21:28:43.215</timestamp>
  <evento>ENTER</evento>
</asteroids.MessaggioDiLog>
<asteroids.MessaggioDiLog>
  <nomeApplicazione>Asteroids</nomeApplicazione>
  <indirizzoIpClient>localhost</indirizzoIpClient>
  <timestamp>2019-02-24 21:28:43.57</timestamp>
  <evento>UP</evento>
</asteroids.MessaggioDiLog>
<asteroids.MessaggioDiLog>
  <nomeApplicazione>Asteroids</nomeApplicazione>
  <indirizzoIpClient>localhost</indirizzoIpClient>
  <timestamp>2019-02-24 21:28:43.917</timestamp>
  <evento>RIGHT</evento>
</asteroids.MessaggioDiLog>
<asteroids.MessaggioDiLog>
  <nomeApplicazione>Asteroids</nomeApplicazione>
  <indirizzoIpClient>localhost</indirizzoIpClient>
  <timestamp>2019-02-24 21:28:44.037</timestamp>
  <evento>SPACE</evento>
</asteroids.MessaggioDiLog>
<asteroids.MessaggioDiLog>
  <nomeApplicazione>Asteroids</nomeApplicazione>
  <indirizzoIpClient>localhost</indirizzoIpClient>
  <timestamp>2019-02-24 21:28:44.263</timestamp>
  <evento>SPACE</evento>
</asteroids.MessaggioDiLog>
<asteroids.MessaggioDiLog>
  <nomeApplicazione>Asteroids</nomeApplicazione>
  <indirizzoIpClient>localhost</indirizzoIpClient>
  <timestamp>2019-02-24 21:28:44.307</timestamp>
  <evento>RIGHT</evento>
</asteroids.MessaggioDiLog>
<asteroids.MessaggioDiLog>
  <nomeApplicazione>Asteroids</nomeApplicazione>
  <indirizzoIpClient>localhost</indirizzoIpClient>
  <timestamp>2019-02-24 21:28:45.028</timestamp>
  <evento>LEFT</evento>
</asteroids.MessaggioDiLog>
<asteroids.MessaggioDiLog>
  <nomeApplicazione>Asteroids</nomeApplicazione>
  <indirizzoIpClient>localhost</indirizzoIpClient>
  <timestamp>2019-02-24 21:28:45.384</timestamp>
  <evento>RIGHT</evento>
</asteroids.MessaggioDiLog>
<asteroids.MessaggioDiLog>
  <nomeApplicazione>Asteroids</nomeApplicazione>
  <indirizzoIpClient>localhost</indirizzoIpClient>
  <timestamp>2019-02-24 21:28:45.451</timestamp>
  <evento>UP</evento>
</asteroids.MessaggioDiLog>
<asteroids.MessaggioDiLog>
  <nomeApplicazione>Asteroids</nomeApplicazione>
  <indirizzoIpClient>localhost</indirizzoIpClient>
  <timestamp>2019-02-24 21:28:45.895</timestamp>
  <evento>UP</evento>
</asteroids.MessaggioDiLog>
<asteroids.MessaggioDiLog>
  <nomeApplicazione>Asteroids</nomeApplicazione>
  <indirizzoIpClient>localhost</indirizzoIpClient>
  <timestamp>2019-02-24 21:28:45.918</timestamp>
  <evento>UP</evento>
</asteroids.MessaggioDiLog>
<asteroids.MessaggioDiLog>
  <nomeApplicazione>Asteroids</nomeApplicazione>
  <indirizzoIpClient>localhost</indirizzoIpClient>
  <timestamp>2019-02-24 21:28:46.451</timestamp>
  <evento>UP</evento>
</asteroids.MessaggioDiLog>
<asteroids.MessaggioDiLog>
  <nomeApplicazione>Asteroids</nomeApplicazione>
  <indirizzoIpClient>localhost</indirizzoIpClient>
  <timestamp>2019-02-24 21:28:46.885</timestamp>
  <evento>UP</evento>
</asteroids.MessaggioDiLog>
<asteroids.MessaggioDiLog>
  <nomeApplicazione>Asteroids</nomeApplicazione>
  <indirizzoIpClient>localhost</indirizzoIpClient>
  <timestamp>2019-02-24 21:28:46.901</timestamp>
  <evento>LEFT</evento>
</asteroids.MessaggioDiLog>
<asteroids.MessaggioDiLog>
  <nomeApplicazione>Asteroids</nomeApplicazione>
  <indirizzoIpClient>localhost</indirizzoIpClient>
  <timestamp>2019-02-24 21:28:47.368</timestamp>
  <evento>RIGHT</evento>
</asteroids.MessaggioDiLog>
<asteroids.MessaggioDiLog>
  <nomeApplicazione>Asteroids</nomeApplicazione>
  <indirizzoIpClient>localhost</indirizzoIpClient>
  <timestamp>2019-02-24 21:28:47.454</timestamp>
  <evento>UP</evento>
</asteroids.MessaggioDiLog>
<asteroids.MessaggioDiLog>
  <nomeApplicazione>Asteroids</nomeApplicazione>
  <indirizzoIpClient>localhost</indirizzoIpClient>
  <timestamp>2019-02-24 21:28:47.886</timestamp>
  <evento>UP</evento>
</asteroids.MessaggioDiLog>
<asteroids.MessaggioDiLog>
  <nomeApplicazione>Asteroids</nomeApplicazione>
  <indirizzoIpClient>localhost</indirizzoIpClient>
  <timestamp>2019-02-24 21:28:48.853</timestamp>
  <evento>ENTER</evento>
</asteroids.MessaggioDiLog>
<asteroids.MessaggioDiLog>
  <nomeApplicazione>Asteroids</nomeApplicazione>
  <indirizzoIpClient>localhost</indirizzoIpClient>
  <timestamp>2019-02-24 21:28:49.268</timestamp>
  <evento>UP</evento>
</asteroids.MessaggioDiLog>
<asteroids.MessaggioDiLog>
  <nomeApplicazione>Asteroids</nomeApplicazione>
  <indirizzoIpClient>localhost</indirizzoIpClient>
  <timestamp>2019-02-24 21:28:49.335</timestamp>
  <evento>LEFT</evento>
</asteroids.MessaggioDiLog>
<asteroids.MessaggioDiLog>
  <nomeApplicazione>Asteroids</nomeApplicazione>
  <indirizzoIpClient>localhost</indirizzoIpClient>
  <timestamp>2019-02-24 21:28:50.182</timestamp>
  <evento>UP</evento>
</asteroids.MessaggioDiLog>
<asteroids.MessaggioDiLog>
  <nomeApplicazione>Asteroids</nomeApplicazione>
  <indirizzoIpClient>localhost</indirizzoIpClient>
  <timestamp>2019-02-24 21:28:50.28</timestamp>
  <evento>RIGHT</evento>
</asteroids.MessaggioDiLog>
<asteroids.MessaggioDiLog>
  <nomeApplicazione>Asteroids</nomeApplicazione>
  <indirizzoIpClient>localhost</indirizzoIpClient>
  <timestamp>2019-02-24 21:28:51.186</timestamp>
  <evento>SPACE</evento>
</asteroids.MessaggioDiLog>
<asteroids.MessaggioDiLog>
  <nomeApplicazione>Asteroids</nomeApplicazione>
  <indirizzoIpClient>localhost</indirizzoIpClient>
  <timestamp>2019-02-24 21:28:53.016</timestamp>
  <evento>SPACE</evento>
</asteroids.MessaggioDiLog>
<asteroids.MessaggioDiLog>
  <nomeApplicazione>Asteroids</nomeApplicazione>
  <indirizzoIpClient>localhost</indirizzoIpClient>
  <timestamp>2019-02-24 21:28:54.403</timestamp>
  <evento>SPACE</evento>
</asteroids.MessaggioDiLog>
<asteroids.MessaggioDiLog>
  <nomeApplicazione>Asteroids</nomeApplicazione>
  <indirizzoIpClient>localhost</indirizzoIpClient>
  <timestamp>2019-02-24 21:28:54.597</timestamp>
  <evento>ENTER</evento>
</asteroids.MessaggioDiLog>
<asteroids.MessaggioDiLog>
  <nomeApplicazione>Asteroids</nomeApplicazione>
  <indirizzoIpClient>localhost</indirizzoIpClient>
  <timestamp>2019-02-24 21:28:56.116</timestamp>
  <evento>TERMINE</evento>
</asteroids.MessaggioDiLog>
<asteroids.MessaggioDiLog>
  <nomeApplicazione>Asteroids</nomeApplicazione>
  <indirizzoIpClient>localhost</indirizzoIpClient>
  <timestamp>2019-02-24 21:29:01.942</timestamp>
  <evento>AVVIO</evento>
</asteroids.MessaggioDiLog>
<asteroids.MessaggioDiLog>
  <nomeApplicazione>Asteroids</nomeApplicazione>
  <indirizzoIpClient>localhost</indirizzoIpClient>
  <timestamp>2019-02-24 21:29:05.976</timestamp>
  <evento>START</evento>
</asteroids.MessaggioDiLog>
<asteroids.MessaggioDiLog>
  <nomeApplicazione>Asteroids</nomeApplicazione>
  <indirizzoIpClient>localhost</indirizzoIpClient>
  <timestamp>2019-02-24 21:29:08.067</timestamp>
  <evento>TERMINE</evento>
</asteroids.MessaggioDiLog>
<asteroids.MessaggioDiLog>
  <nomeApplicazione>Asteroids</nomeApplicazione>
  <indirizzoIpClient>localhost</indirizzoIpClient>
  <timestamp>2019-02-24 21:36:19.33</timestamp>
  <evento>AVVIO</evento>
</asteroids.MessaggioDiLog>
<asteroids.MessaggioDiLog>
  <nomeApplicazione>Asteroids</nomeApplicazione>
  <indirizzoIpClient>localhost</indirizzoIpClient>
  <timestamp>2019-02-24 21:36:23.957</timestamp>
  <evento>TERMINE</evento>
</asteroids.MessaggioDiLog>
<asteroids.MessaggioDiLog>
  <nomeApplicazione>Asteroids</nomeApplicazione>
  <indirizzoIpClient>localhost</indirizzoIpClient>
  <timestamp>2019-02-24 21:38:13.674</timestamp>
  <evento>AVVIO</evento>
</asteroids.MessaggioDiLog>
<asteroids.MessaggioDiLog>
  <nomeApplicazione>Asteroids</nomeApplicazione>
  <indirizzoIpClient>localhost</indirizzoIpClient>
  <timestamp>2019-02-24 21:38:15.41</timestamp>
  <evento>START</evento>
</asteroids.MessaggioDiLog>
<asteroids.MessaggioDiLog>
  <nomeApplicazione>Asteroids</nomeApplicazione>
  <indirizzoIpClient>localhost</indirizzoIpClient>
  <timestamp>2019-02-24 21:38:15.845</timestamp>
  <evento>UP</evento>
</asteroids.MessaggioDiLog>
<asteroids.MessaggioDiLog>
  <nomeApplicazione>Asteroids</nomeApplicazione>
  <indirizzoIpClient>localhost</indirizzoIpClient>
  <timestamp>2019-02-24 21:38:15.878</timestamp>
  <evento>SPACE</evento>
</asteroids.MessaggioDiLog>
<asteroids.MessaggioDiLog>
  <nomeApplicazione>Asteroids</nomeApplicazione>
  <indirizzoIpClient>localhost</indirizzoIpClient>
  <timestamp>2019-02-24 21:38:15.989</timestamp>
  <evento>RIGHT</evento>
</asteroids.MessaggioDiLog>
<asteroids.MessaggioDiLog>
  <nomeApplicazione>Asteroids</nomeApplicazione>
  <indirizzoIpClient>localhost</indirizzoIpClient>
  <timestamp>2019-02-24 21:38:16.106</timestamp>
  <evento>SPACE</evento>
</asteroids.MessaggioDiLog>
<asteroids.MessaggioDiLog>
  <nomeApplicazione>Asteroids</nomeApplicazione>
  <indirizzoIpClient>localhost</indirizzoIpClient>
  <timestamp>2019-02-24 21:38:16.3</timestamp>
  <evento>SPACE</evento>
</asteroids.MessaggioDiLog>
<asteroids.MessaggioDiLog>
  <nomeApplicazione>Asteroids</nomeApplicazione>
  <indirizzoIpClient>localhost</indirizzoIpClient>
  <timestamp>2019-02-24 21:38:17.18</timestamp>
  <evento>RIGHT</evento>
</asteroids.MessaggioDiLog>
<asteroids.MessaggioDiLog>
  <nomeApplicazione>Asteroids</nomeApplicazione>
  <indirizzoIpClient>localhost</indirizzoIpClient>
  <timestamp>2019-02-24 21:38:17.289</timestamp>
  <evento>UP</evento>
</asteroids.MessaggioDiLog>
<asteroids.MessaggioDiLog>
  <nomeApplicazione>Asteroids</nomeApplicazione>
  <indirizzoIpClient>localhost</indirizzoIpClient>
  <timestamp>2019-02-24 21:38:17.689</timestamp>
  <evento>SPACE</evento>
</asteroids.MessaggioDiLog>
<asteroids.MessaggioDiLog>
  <nomeApplicazione>Asteroids</nomeApplicazione>
  <indirizzoIpClient>localhost</indirizzoIpClient>
  <timestamp>2019-02-24 21:38:17.892</timestamp>
  <evento>RIGHT</evento>
</asteroids.MessaggioDiLog>
<asteroids.MessaggioDiLog>
  <nomeApplicazione>Asteroids</nomeApplicazione>
  <indirizzoIpClient>localhost</indirizzoIpClient>
  <timestamp>2019-02-24 21:38:17.924</timestamp>
  <evento>SPACE</evento>
</asteroids.MessaggioDiLog>
<asteroids.MessaggioDiLog>
  <nomeApplicazione>Asteroids</nomeApplicazione>
  <indirizzoIpClient>localhost</indirizzoIpClient>
  <timestamp>2019-02-24 21:38:18.14</timestamp>
  <evento>SPACE</evento>
</asteroids.MessaggioDiLog>
<asteroids.MessaggioDiLog>
  <nomeApplicazione>Asteroids</nomeApplicazione>
  <indirizzoIpClient>localhost</indirizzoIpClient>
  <timestamp>2019-02-24 21:38:18.6</timestamp>
  <evento>UP</evento>
</asteroids.MessaggioDiLog>
<asteroids.MessaggioDiLog>
  <nomeApplicazione>Asteroids</nomeApplicazione>
  <indirizzoIpClient>localhost</indirizzoIpClient>
  <timestamp>2019-02-24 21:38:18.616</timestamp>
  <evento>RIGHT</evento>
</asteroids.MessaggioDiLog>
<asteroids.MessaggioDiLog>
  <nomeApplicazione>Asteroids</nomeApplicazione>
  <indirizzoIpClient>localhost</indirizzoIpClient>
  <timestamp>2019-02-24 21:38:19.34</timestamp>
  <evento>UP</evento>
</asteroids.MessaggioDiLog>
<asteroids.MessaggioDiLog>
  <nomeApplicazione>Asteroids</nomeApplicazione>
  <indirizzoIpClient>localhost</indirizzoIpClient>
  <timestamp>2019-02-24 21:38:19.39</timestamp>
  <evento>LEFT</evento>
</asteroids.MessaggioDiLog>
<asteroids.MessaggioDiLog>
  <nomeApplicazione>Asteroids</nomeApplicazione>
  <indirizzoIpClient>localhost</indirizzoIpClient>
  <timestamp>2019-02-24 21:38:19.829</timestamp>
  <evento>UP</evento>
</asteroids.MessaggioDiLog>
<asteroids.MessaggioDiLog>
  <nomeApplicazione>Asteroids</nomeApplicazione>
  <indirizzoIpClient>localhost</indirizzoIpClient>
  <timestamp>2019-02-24 21:38:19.84</timestamp>
  <evento>LEFT</evento>
</asteroids.MessaggioDiLog>
<asteroids.MessaggioDiLog>
  <nomeApplicazione>Asteroids</nomeApplicazione>
  <indirizzoIpClient>localhost</indirizzoIpClient>
  <timestamp>2019-02-24 21:38:22.057</timestamp>
  <evento>ENTER</evento>
</asteroids.MessaggioDiLog>
<asteroids.MessaggioDiLog>
  <nomeApplicazione>Asteroids</nomeApplicazione>
  <indirizzoIpClient>localhost</indirizzoIpClient>
  <timestamp>2019-02-24 21:38:24.079</timestamp>
  <evento>TERMINE</evento>
</asteroids.MessaggioDiLog>
<asteroids.MessaggioDiLog>
  <nomeApplicazione>Asteroids</nomeApplicazione>
  <indirizzoIpClient>localhost</indirizzoIpClient>
  <timestamp>2019-02-24 21:38:29.984</timestamp>
  <evento>AVVIO</evento>
</asteroids.MessaggioDiLog>
<asteroids.MessaggioDiLog>
  <nomeApplicazione>Asteroids</nomeApplicazione>
  <indirizzoIpClient>localhost</indirizzoIpClient>
  <timestamp>2019-02-24 21:38:38.047</timestamp>
  <evento>START</evento>
</asteroids.MessaggioDiLog>
<asteroids.MessaggioDiLog>
  <nomeApplicazione>Asteroids</nomeApplicazione>
  <indirizzoIpClient>localhost</indirizzoIpClient>
  <timestamp>2019-02-24 21:38:38.548</timestamp>
  <evento>UP</evento>
</asteroids.MessaggioDiLog>
<asteroids.MessaggioDiLog>
  <nomeApplicazione>Asteroids</nomeApplicazione>
  <indirizzoIpClient>localhost</indirizzoIpClient>
  <timestamp>2019-02-24 21:38:38.662</timestamp>
  <evento>LEFT</evento>
</asteroids.MessaggioDiLog>
<asteroids.MessaggioDiLog>
  <nomeApplicazione>Asteroids</nomeApplicazione>
  <indirizzoIpClient>localhost</indirizzoIpClient>
  <timestamp>2019-02-24 21:38:38.966</timestamp>
  <evento>SPACE</evento>
</asteroids.MessaggioDiLog>
<asteroids.MessaggioDiLog>
  <nomeApplicazione>Asteroids</nomeApplicazione>
  <indirizzoIpClient>localhost</indirizzoIpClient>
  <timestamp>2019-02-24 21:38:39.527</timestamp>
  <evento>LEFT</evento>
</asteroids.MessaggioDiLog>
<asteroids.MessaggioDiLog>
  <nomeApplicazione>Asteroids</nomeApplicazione>
  <indirizzoIpClient>localhost</indirizzoIpClient>
  <timestamp>2019-02-24 21:38:39.877</timestamp>
  <evento>SPACE</evento>
</asteroids.MessaggioDiLog>
<asteroids.MessaggioDiLog>
  <nomeApplicazione>Asteroids</nomeApplicazione>
  <indirizzoIpClient>localhost</indirizzoIpClient>
  <timestamp>2019-02-24 21:38:45.141</timestamp>
  <evento>START</evento>
</asteroids.MessaggioDiLog>
<asteroids.MessaggioDiLog>
  <nomeApplicazione>Asteroids</nomeApplicazione>
  <indirizzoIpClient>localhost</indirizzoIpClient>
  <timestamp>2019-02-24 21:38:45.512</timestamp>
  <evento>UP</evento>
</asteroids.MessaggioDiLog>
<asteroids.MessaggioDiLog>
  <nomeApplicazione>Asteroids</nomeApplicazione>
  <indirizzoIpClient>localhost</indirizzoIpClient>
  <timestamp>2019-02-24 21:38:45.648</timestamp>
  <evento>RIGHT</evento>
</asteroids.MessaggioDiLog>
<asteroids.MessaggioDiLog>
  <nomeApplicazione>Asteroids</nomeApplicazione>
  <indirizzoIpClient>localhost</indirizzoIpClient>
  <timestamp>2019-02-24 21:38:45.683</timestamp>
  <evento>SPACE</evento>
</asteroids.MessaggioDiLog>
<asteroids.MessaggioDiLog>
  <nomeApplicazione>Asteroids</nomeApplicazione>
  <indirizzoIpClient>localhost</indirizzoIpClient>
  <timestamp>2019-02-24 21:38:45.952</timestamp>
  <evento>SPACE</evento>
</asteroids.MessaggioDiLog>
<asteroids.MessaggioDiLog>
  <nomeApplicazione>Asteroids</nomeApplicazione>
  <indirizzoIpClient>localhost</indirizzoIpClient>
  <timestamp>2019-02-24 21:38:46.179</timestamp>
  <evento>SPACE</evento>
</asteroids.MessaggioDiLog>
<asteroids.MessaggioDiLog>
  <nomeApplicazione>Asteroids</nomeApplicazione>
  <indirizzoIpClient>localhost</indirizzoIpClient>
  <timestamp>2019-02-24 21:38:46.729</timestamp>
  <evento>UP</evento>
</asteroids.MessaggioDiLog>
<asteroids.MessaggioDiLog>
  <nomeApplicazione>Asteroids</nomeApplicazione>
  <indirizzoIpClient>localhost</indirizzoIpClient>
  <timestamp>2019-02-24 21:38:47.096</timestamp>
  <evento>UP</evento>
</asteroids.MessaggioDiLog>
<asteroids.MessaggioDiLog>
  <nomeApplicazione>Asteroids</nomeApplicazione>
  <indirizzoIpClient>localhost</indirizzoIpClient>
  <timestamp>2019-02-24 21:38:47.379</timestamp>
  <evento>RIGHT</evento>
</asteroids.MessaggioDiLog>
<asteroids.MessaggioDiLog>
  <nomeApplicazione>Asteroids</nomeApplicazione>
  <indirizzoIpClient>localhost</indirizzoIpClient>
  <timestamp>2019-02-24 21:38:50.47</timestamp>
  <evento>SPACE</evento>
</asteroids.MessaggioDiLog>
<asteroids.MessaggioDiLog>
  <nomeApplicazione>Asteroids</nomeApplicazione>
  <indirizzoIpClient>localhost</indirizzoIpClient>
  <timestamp>2019-02-24 21:38:50.736</timestamp>
  <evento>SPACE</evento>
</asteroids.MessaggioDiLog>
<asteroids.MessaggioDiLog>
  <nomeApplicazione>Asteroids</nomeApplicazione>
  <indirizzoIpClient>localhost</indirizzoIpClient>
  <timestamp>2019-02-24 21:38:50.93</timestamp>
  <evento>SPACE</evento>
</asteroids.MessaggioDiLog>
<asteroids.MessaggioDiLog>
  <nomeApplicazione>Asteroids</nomeApplicazione>
  <indirizzoIpClient>localhost</indirizzoIpClient>
  <timestamp>2019-02-24 21:38:52.166</timestamp>
  <evento>SPACE</evento>
</asteroids.MessaggioDiLog>
<asteroids.MessaggioDiLog>
  <nomeApplicazione>Asteroids</nomeApplicazione>
  <indirizzoIpClient>localhost</indirizzoIpClient>
  <timestamp>2019-02-24 21:38:52.397</timestamp>
  <evento>SPACE</evento>
</asteroids.MessaggioDiLog>
<asteroids.MessaggioDiLog>
  <nomeApplicazione>Asteroids</nomeApplicazione>
  <indirizzoIpClient>localhost</indirizzoIpClient>
  <timestamp>2019-02-24 21:38:52.597</timestamp>
  <evento>SPACE</evento>
</asteroids.MessaggioDiLog>
<asteroids.MessaggioDiLog>
  <nomeApplicazione>Asteroids</nomeApplicazione>
  <indirizzoIpClient>localhost</indirizzoIpClient>
  <timestamp>2019-02-24 21:38:55.635</timestamp>
  <evento>ENTER</evento>
</asteroids.MessaggioDiLog>
<asteroids.MessaggioDiLog>
  <nomeApplicazione>Asteroids</nomeApplicazione>
  <indirizzoIpClient>localhost</indirizzoIpClient>
  <timestamp>2019-02-24 21:38:55.904</timestamp>
  <evento>SPACE</evento>
</asteroids.MessaggioDiLog>
<asteroids.MessaggioDiLog>
  <nomeApplicazione>Asteroids</nomeApplicazione>
  <indirizzoIpClient>localhost</indirizzoIpClient>
  <timestamp>2019-02-24 21:38:56.116</timestamp>
  <evento>SPACE</evento>
</asteroids.MessaggioDiLog>
<asteroids.MessaggioDiLog>
  <nomeApplicazione>Asteroids</nomeApplicazione>
  <indirizzoIpClient>localhost</indirizzoIpClient>
  <timestamp>2019-02-24 21:38:56.304</timestamp>
  <evento>SPACE</evento>
</asteroids.MessaggioDiLog>
<asteroids.MessaggioDiLog>
  <nomeApplicazione>Asteroids</nomeApplicazione>
  <indirizzoIpClient>localhost</indirizzoIpClient>
  <timestamp>2019-02-24 21:38:56.548</timestamp>
  <evento>ENTER</evento>
</asteroids.MessaggioDiLog>
<asteroids.MessaggioDiLog>
  <nomeApplicazione>Asteroids</nomeApplicazione>
  <indirizzoIpClient>localhost</indirizzoIpClient>
  <timestamp>2019-02-24 21:39:21.312</timestamp>
  <evento>TERMINE</evento>
</asteroids.MessaggioDiLog>
<asteroids.MessaggioDiLog>
  <nomeApplicazione>Asteroids</nomeApplicazione>
  <indirizzoIpClient>localhost</indirizzoIpClient>
  <timestamp>2019-02-24 21:39:27.442</timestamp>
  <evento>AVVIO</evento>
</asteroids.MessaggioDiLog>
<asteroids.MessaggioDiLog>
  <nomeApplicazione>Asteroids</nomeApplicazione>
  <indirizzoIpClient>localhost</indirizzoIpClient>
  <timestamp>2019-02-24 21:39:29.834</timestamp>
  <evento>TERMINE</evento>
</asteroids.MessaggioDiLog>
